"archivo","tipo.fruta"
"Apple_Braeburn_100_100.jpg","Apple Braeburn"
"Apple_Braeburn_101_100.jpg","Apple Braeburn"
"Apple_Braeburn_104_100.jpg","Apple Braeburn"
"Apple_Braeburn_107_100.jpg","Apple Braeburn"
"Apple_Braeburn_108_100.jpg","Apple Braeburn"
"Apple_Braeburn_112_100.jpg","Apple Braeburn"
"Apple_Braeburn_118_100.jpg","Apple Braeburn"
"Apple_Braeburn_119_100.jpg","Apple Braeburn"
"Apple_Braeburn_128_100.jpg","Apple Braeburn"
"Apple_Braeburn_131_100.jpg","Apple Braeburn"
"Apple_Braeburn_137_100.jpg","Apple Braeburn"
"Apple_Braeburn_140_100.jpg","Apple Braeburn"
"Apple_Braeburn_142_100.jpg","Apple Braeburn"
"Apple_Braeburn_143_100.jpg","Apple Braeburn"
"Apple_Braeburn_15_100.jpg","Apple Braeburn"
"Apple_Braeburn_152_100.jpg","Apple Braeburn"
"Apple_Braeburn_155_100.jpg","Apple Braeburn"
"Apple_Braeburn_156_100.jpg","Apple Braeburn"
"Apple_Braeburn_161_100.jpg","Apple Braeburn"
"Apple_Braeburn_164_100.jpg","Apple Braeburn"
"Apple_Braeburn_173_100.jpg","Apple Braeburn"
"Apple_Braeburn_18_100.jpg","Apple Braeburn"
"Apple_Braeburn_182_100.jpg","Apple Braeburn"
"Apple_Braeburn_190_100.jpg","Apple Braeburn"
"Apple_Braeburn_193_100.jpg","Apple Braeburn"
"Apple_Braeburn_195_100.jpg","Apple Braeburn"
"Apple_Braeburn_197_100.jpg","Apple Braeburn"
"Apple_Braeburn_200_100.jpg","Apple Braeburn"
"Apple_Braeburn_202_100.jpg","Apple Braeburn"
"Apple_Braeburn_21_100.jpg","Apple Braeburn"
"Apple_Braeburn_223_100.jpg","Apple Braeburn"
"Apple_Braeburn_227_100.jpg","Apple Braeburn"
"Apple_Braeburn_231_100.jpg","Apple Braeburn"
"Apple_Braeburn_238_100.jpg","Apple Braeburn"
"Apple_Braeburn_239_100.jpg","Apple Braeburn"
"Apple_Braeburn_243_100.jpg","Apple Braeburn"
"Apple_Braeburn_246_100.jpg","Apple Braeburn"
"Apple_Braeburn_249_100.jpg","Apple Braeburn"
"Apple_Braeburn_253_100.jpg","Apple Braeburn"
"Apple_Braeburn_270_100.jpg","Apple Braeburn"
"Apple_Braeburn_271_100.jpg","Apple Braeburn"
"Apple_Braeburn_272_100.jpg","Apple Braeburn"
"Apple_Braeburn_287_100.jpg","Apple Braeburn"
"Apple_Braeburn_288_100.jpg","Apple Braeburn"
"Apple_Braeburn_296_100.jpg","Apple Braeburn"
"Apple_Braeburn_297_100.jpg","Apple Braeburn"
"Apple_Braeburn_30_100.jpg","Apple Braeburn"
"Apple_Braeburn_308_100.jpg","Apple Braeburn"
"Apple_Braeburn_309_100.jpg","Apple Braeburn"
"Apple_Braeburn_310_100.jpg","Apple Braeburn"
"Apple_Braeburn_319_100.jpg","Apple Braeburn"
"Apple_Braeburn_r_102_100.jpg","Apple Braeburn"
"Apple_Braeburn_r_103_100.jpg","Apple Braeburn"
"Apple_Braeburn_r_105_100.jpg","Apple Braeburn"
"Apple_Braeburn_r_106_100.jpg","Apple Braeburn"
"Apple_Braeburn_r_110_100.jpg","Apple Braeburn"
"Apple_Braeburn_r_116_100.jpg","Apple Braeburn"
"Apple_Braeburn_r_126_100.jpg","Apple Braeburn"
"Apple_Braeburn_r_134_100.jpg","Apple Braeburn"
"Apple_Braeburn_r_147_100.jpg","Apple Braeburn"
"Apple_Braeburn_r_150_100.jpg","Apple Braeburn"
"Apple_Braeburn_r_151_100.jpg","Apple Braeburn"
"Apple_Braeburn_r_153_100.jpg","Apple Braeburn"
"Apple_Braeburn_r_154_100.jpg","Apple Braeburn"
"Apple_Braeburn_r_156_100.jpg","Apple Braeburn"
"Apple_Braeburn_r_16_100.jpg","Apple Braeburn"
"Apple_Braeburn_r_166_100.jpg","Apple Braeburn"
"Apple_Braeburn_r_171_100.jpg","Apple Braeburn"
"Apple_Braeburn_r_177_100.jpg","Apple Braeburn"
"Apple_Braeburn_r_189_100.jpg","Apple Braeburn"
"Apple_Braeburn_r_197_100.jpg","Apple Braeburn"
"Apple_Braeburn_r_210_100.jpg","Apple Braeburn"
"Apple_Braeburn_r_212_100.jpg","Apple Braeburn"
"Apple_Braeburn_r_216_100.jpg","Apple Braeburn"
"Apple_Braeburn_r_218_100.jpg","Apple Braeburn"
"Apple_Braeburn_r_220_100.jpg","Apple Braeburn"
"Apple_Braeburn_r_222_100.jpg","Apple Braeburn"
"Apple_Braeburn_r_227_100.jpg","Apple Braeburn"
"Apple_Braeburn_r_229_100.jpg","Apple Braeburn"
"Apple_Braeburn_r_23_100.jpg","Apple Braeburn"
"Apple_Braeburn_r_238_100.jpg","Apple Braeburn"
"Apple_Braeburn_r_24_100.jpg","Apple Braeburn"
"Apple_Braeburn_r_244_100.jpg","Apple Braeburn"
"Apple_Braeburn_r_245_100.jpg","Apple Braeburn"
"Apple_Braeburn_r_248_100.jpg","Apple Braeburn"
"Apple_Braeburn_r_262_100.jpg","Apple Braeburn"
"Apple_Braeburn_r_267_100.jpg","Apple Braeburn"
"Apple_Braeburn_r_284_100.jpg","Apple Braeburn"
"Apple_Braeburn_r_287_100.jpg","Apple Braeburn"
"Apple_Braeburn_r_288_100.jpg","Apple Braeburn"
"Apple_Braeburn_r_290_100.jpg","Apple Braeburn"
"Apple_Braeburn_r_292_100.jpg","Apple Braeburn"
"Apple_Braeburn_r_294_100.jpg","Apple Braeburn"
"Apple_Braeburn_r_30_100.jpg","Apple Braeburn"
"Apple_Braeburn_r_301_100.jpg","Apple Braeburn"
"Apple_Braeburn_r_304_100.jpg","Apple Braeburn"
"Apple_Braeburn_r_307_100.jpg","Apple Braeburn"
"Apple_Braeburn_r_310_100.jpg","Apple Braeburn"
"Apple_Braeburn_r_311_100.jpg","Apple Braeburn"
"Apple_Braeburn_r_315_100.jpg","Apple Braeburn"
"Apple_Golden_2_102_100.jpg","Apple Golden 2"
"Apple_Golden_2_104_100.jpg","Apple Golden 2"
"Apple_Golden_2_106_100.jpg","Apple Golden 2"
"Apple_Golden_2_107_100.jpg","Apple Golden 2"
"Apple_Golden_2_110_100.jpg","Apple Golden 2"
"Apple_Golden_2_111_100.jpg","Apple Golden 2"
"Apple_Golden_2_124_100.jpg","Apple Golden 2"
"Apple_Golden_2_132_100.jpg","Apple Golden 2"
"Apple_Golden_2_134_100.jpg","Apple Golden 2"
"Apple_Golden_2_137_100.jpg","Apple Golden 2"
"Apple_Golden_2_14_100.jpg","Apple Golden 2"
"Apple_Golden_2_142_100.jpg","Apple Golden 2"
"Apple_Golden_2_145_100.jpg","Apple Golden 2"
"Apple_Golden_2_146_100.jpg","Apple Golden 2"
"Apple_Golden_2_147_100.jpg","Apple Golden 2"
"Apple_Golden_2_149_100.jpg","Apple Golden 2"
"Apple_Golden_2_153_100.jpg","Apple Golden 2"
"Apple_Golden_2_156_100.jpg","Apple Golden 2"
"Apple_Golden_2_160_100.jpg","Apple Golden 2"
"Apple_Golden_2_16_100.jpg","Apple Golden 2"
"Apple_Golden_2_165_100.jpg","Apple Golden 2"
"Apple_Golden_2_168_100.jpg","Apple Golden 2"
"Apple_Golden_2_179_100.jpg","Apple Golden 2"
"Apple_Golden_2_185_100.jpg","Apple Golden 2"
"Apple_Golden_2_197_100.jpg","Apple Golden 2"
"Apple_Golden_2_214_100.jpg","Apple Golden 2"
"Apple_Golden_2_217_100.jpg","Apple Golden 2"
"Apple_Golden_2_223_100.jpg","Apple Golden 2"
"Apple_Golden_2_227_100.jpg","Apple Golden 2"
"Apple_Golden_2_228_100.jpg","Apple Golden 2"
"Apple_Golden_2_229_100.jpg","Apple Golden 2"
"Apple_Golden_2_232_100.jpg","Apple Golden 2"
"Apple_Golden_2_239_100.jpg","Apple Golden 2"
"Apple_Golden_2_242_100.jpg","Apple Golden 2"
"Apple_Golden_2_245_100.jpg","Apple Golden 2"
"Apple_Golden_2_248_100.jpg","Apple Golden 2"
"Apple_Golden_2_250_100.jpg","Apple Golden 2"
"Apple_Golden_2_264_100.jpg","Apple Golden 2"
"Apple_Golden_2_269_100.jpg","Apple Golden 2"
"Apple_Golden_2_277_100.jpg","Apple Golden 2"
"Apple_Golden_2_285_100.jpg","Apple Golden 2"
"Apple_Golden_2_286_100.jpg","Apple Golden 2"
"Apple_Golden_2_293_100.jpg","Apple Golden 2"
"Apple_Golden_2_297_100.jpg","Apple Golden 2"
"Apple_Golden_2_298_100.jpg","Apple Golden 2"
"Apple_Golden_2_300_100.jpg","Apple Golden 2"
"Apple_Golden_2_301_100.jpg","Apple Golden 2"
"Apple_Golden_2_304_100.jpg","Apple Golden 2"
"Apple_Golden_2_313_100.jpg","Apple Golden 2"
"Apple_Golden_2_315_100.jpg","Apple Golden 2"
"Apple_Golden_2_320_100.jpg","Apple Golden 2"
"Apple_Golden_2_r_0_100.jpg","Apple Golden 2"
"Apple_Golden_2_r_10_100.jpg","Apple Golden 2"
"Apple_Golden_2_r_1_100.jpg","Apple Golden 2"
"Apple_Golden_2_r_11_100.jpg","Apple Golden 2"
"Apple_Golden_2_r_112_100.jpg","Apple Golden 2"
"Apple_Golden_2_r_113_100.jpg","Apple Golden 2"
"Apple_Golden_2_r_119_100.jpg","Apple Golden 2"
"Apple_Golden_2_r_120_100.jpg","Apple Golden 2"
"Apple_Golden_2_r_126_100.jpg","Apple Golden 2"
"Apple_Golden_2_r_132_100.jpg","Apple Golden 2"
"Apple_Golden_2_r_134_100.jpg","Apple Golden 2"
"Apple_Golden_2_r_153_100.jpg","Apple Golden 2"
"Apple_Golden_2_r_154_100.jpg","Apple Golden 2"
"Apple_Golden_2_r_160_100.jpg","Apple Golden 2"
"Apple_Golden_2_r_162_100.jpg","Apple Golden 2"
"Apple_Golden_2_r_168_100.jpg","Apple Golden 2"
"Apple_Golden_2_r_173_100.jpg","Apple Golden 2"
"Apple_Golden_2_r_181_100.jpg","Apple Golden 2"
"Apple_Golden_2_r_185_100.jpg","Apple Golden 2"
"Apple_Golden_2_r_189_100.jpg","Apple Golden 2"
"Apple_Golden_2_r_200_100.jpg","Apple Golden 2"
"Apple_Golden_2_r_206_100.jpg","Apple Golden 2"
"Apple_Golden_2_r_207_100.jpg","Apple Golden 2"
"Apple_Golden_2_r_208_100.jpg","Apple Golden 2"
"Apple_Golden_2_r_209_100.jpg","Apple Golden 2"
"Apple_Golden_2_r_210_100.jpg","Apple Golden 2"
"Apple_Golden_2_r_21_100.jpg","Apple Golden 2"
"Apple_Golden_2_r_211_100.jpg","Apple Golden 2"
"Apple_Golden_2_r_213_100.jpg","Apple Golden 2"
"Apple_Golden_2_r_22_100.jpg","Apple Golden 2"
"Apple_Golden_2_r_221_100.jpg","Apple Golden 2"
"Apple_Golden_2_r_222_100.jpg","Apple Golden 2"
"Apple_Golden_2_r_230_100.jpg","Apple Golden 2"
"Apple_Golden_2_r_236_100.jpg","Apple Golden 2"
"Apple_Golden_2_r_239_100.jpg","Apple Golden 2"
"Apple_Golden_2_r_242_100.jpg","Apple Golden 2"
"Apple_Golden_2_r_247_100.jpg","Apple Golden 2"
"Apple_Golden_2_r_248_100.jpg","Apple Golden 2"
"Apple_Golden_2_r_252_100.jpg","Apple Golden 2"
"Apple_Golden_2_r_264_100.jpg","Apple Golden 2"
"Apple_Golden_2_r_270_100.jpg","Apple Golden 2"
"Apple_Golden_2_r_271_100.jpg","Apple Golden 2"
"Apple_Golden_2_r_275_100.jpg","Apple Golden 2"
"Apple_Golden_2_r_284_100.jpg","Apple Golden 2"
"Apple_Golden_2_r_285_100.jpg","Apple Golden 2"
"Apple_Golden_2_r_292_100.jpg","Apple Golden 2"
"Apple_Golden_2_r_30_100.jpg","Apple Golden 2"
"Apple_Golden_2_r_306_100.jpg","Apple Golden 2"
"Apple_Golden_2_r_312_100.jpg","Apple Golden 2"
"Apple_Granny_Smith_0_100.jpg","Apple Granny Smith"
"Apple_Granny_Smith_101_100.jpg","Apple Granny Smith"
"Apple_Granny_Smith_104_100.jpg","Apple Granny Smith"
"Apple_Granny_Smith_11_100.jpg","Apple Granny Smith"
"Apple_Granny_Smith_119_100.jpg","Apple Granny Smith"
"Apple_Granny_Smith_120_100.jpg","Apple Granny Smith"
"Apple_Granny_Smith_122_100.jpg","Apple Granny Smith"
"Apple_Granny_Smith_130_100.jpg","Apple Granny Smith"
"Apple_Granny_Smith_131_100.jpg","Apple Granny Smith"
"Apple_Granny_Smith_133_100.jpg","Apple Granny Smith"
"Apple_Granny_Smith_147_100.jpg","Apple Granny Smith"
"Apple_Granny_Smith_148_100.jpg","Apple Granny Smith"
"Apple_Granny_Smith_157_100.jpg","Apple Granny Smith"
"Apple_Granny_Smith_159_100.jpg","Apple Granny Smith"
"Apple_Granny_Smith_163_100.jpg","Apple Granny Smith"
"Apple_Granny_Smith_174_100.jpg","Apple Granny Smith"
"Apple_Granny_Smith_183_100.jpg","Apple Granny Smith"
"Apple_Granny_Smith_186_100.jpg","Apple Granny Smith"
"Apple_Granny_Smith_188_100.jpg","Apple Granny Smith"
"Apple_Granny_Smith_196_100.jpg","Apple Granny Smith"
"Apple_Granny_Smith_198_100.jpg","Apple Granny Smith"
"Apple_Granny_Smith_210_100.jpg","Apple Granny Smith"
"Apple_Granny_Smith_215_100.jpg","Apple Granny Smith"
"Apple_Granny_Smith_216_100.jpg","Apple Granny Smith"
"Apple_Granny_Smith_217_100.jpg","Apple Granny Smith"
"Apple_Granny_Smith_220_100.jpg","Apple Granny Smith"
"Apple_Granny_Smith_227_100.jpg","Apple Granny Smith"
"Apple_Granny_Smith_229_100.jpg","Apple Granny Smith"
"Apple_Granny_Smith_237_100.jpg","Apple Granny Smith"
"Apple_Granny_Smith_247_100.jpg","Apple Granny Smith"
"Apple_Granny_Smith_254_100.jpg","Apple Granny Smith"
"Apple_Granny_Smith_26_100.jpg","Apple Granny Smith"
"Apple_Granny_Smith_266_100.jpg","Apple Granny Smith"
"Apple_Granny_Smith_271_100.jpg","Apple Granny Smith"
"Apple_Granny_Smith_277_100.jpg","Apple Granny Smith"
"Apple_Granny_Smith_278_100.jpg","Apple Granny Smith"
"Apple_Granny_Smith_285_100.jpg","Apple Granny Smith"
"Apple_Granny_Smith_289_100.jpg","Apple Granny Smith"
"Apple_Granny_Smith_291_100.jpg","Apple Granny Smith"
"Apple_Granny_Smith_298_100.jpg","Apple Granny Smith"
"Apple_Granny_Smith_305_100.jpg","Apple Granny Smith"
"Apple_Granny_Smith_308_100.jpg","Apple Granny Smith"
"Apple_Granny_Smith_309_100.jpg","Apple Granny Smith"
"Apple_Granny_Smith_317_100.jpg","Apple Granny Smith"
"Apple_Granny_Smith_r_102_100.jpg","Apple Granny Smith"
"Apple_Granny_Smith_r_108_100.jpg","Apple Granny Smith"
"Apple_Granny_Smith_r_109_100.jpg","Apple Granny Smith"
"Apple_Granny_Smith_r_110_100.jpg","Apple Granny Smith"
"Apple_Granny_Smith_r_11_100.jpg","Apple Granny Smith"
"Apple_Granny_Smith_r_111_100.jpg","Apple Granny Smith"
"Apple_Granny_Smith_r_113_100.jpg","Apple Granny Smith"
"Apple_Granny_Smith_r_117_100.jpg","Apple Granny Smith"
"Apple_Granny_Smith_r_118_100.jpg","Apple Granny Smith"
"Apple_Granny_Smith_r_119_100.jpg","Apple Granny Smith"
"Apple_Granny_Smith_r_124_100.jpg","Apple Granny Smith"
"Apple_Granny_Smith_r_13_100.jpg","Apple Granny Smith"
"Apple_Granny_Smith_r_131_100.jpg","Apple Granny Smith"
"Apple_Granny_Smith_r_132_100.jpg","Apple Granny Smith"
"Apple_Granny_Smith_r_14_100.jpg","Apple Granny Smith"
"Apple_Granny_Smith_r_152_100.jpg","Apple Granny Smith"
"Apple_Granny_Smith_r_153_100.jpg","Apple Granny Smith"
"Apple_Granny_Smith_r_154_100.jpg","Apple Granny Smith"
"Apple_Granny_Smith_r_156_100.jpg","Apple Granny Smith"
"Apple_Granny_Smith_r_164_100.jpg","Apple Granny Smith"
"Apple_Granny_Smith_r_165_100.jpg","Apple Granny Smith"
"Apple_Granny_Smith_r_167_100.jpg","Apple Granny Smith"
"Apple_Granny_Smith_r_18_100.jpg","Apple Granny Smith"
"Apple_Granny_Smith_r_200_100.jpg","Apple Granny Smith"
"Apple_Granny_Smith_r_202_100.jpg","Apple Granny Smith"
"Apple_Granny_Smith_r_203_100.jpg","Apple Granny Smith"
"Apple_Granny_Smith_r_210_100.jpg","Apple Granny Smith"
"Apple_Granny_Smith_r_21_100.jpg","Apple Granny Smith"
"Apple_Granny_Smith_r_211_100.jpg","Apple Granny Smith"
"Apple_Granny_Smith_r_212_100.jpg","Apple Granny Smith"
"Apple_Granny_Smith_r_219_100.jpg","Apple Granny Smith"
"Apple_Granny_Smith_r_220_100.jpg","Apple Granny Smith"
"Apple_Granny_Smith_r_225_100.jpg","Apple Granny Smith"
"Apple_Granny_Smith_r_227_100.jpg","Apple Granny Smith"
"Apple_Granny_Smith_r_229_100.jpg","Apple Granny Smith"
"Apple_Granny_Smith_r_233_100.jpg","Apple Granny Smith"
"Apple_Granny_Smith_r_234_100.jpg","Apple Granny Smith"
"Apple_Granny_Smith_r_236_100.jpg","Apple Granny Smith"
"Apple_Granny_Smith_r_238_100.jpg","Apple Granny Smith"
"Apple_Granny_Smith_r_245_100.jpg","Apple Granny Smith"
"Apple_Granny_Smith_r_246_100.jpg","Apple Granny Smith"
"Apple_Granny_Smith_r_248_100.jpg","Apple Granny Smith"
"Apple_Granny_Smith_r_257_100.jpg","Apple Granny Smith"
"Apple_Granny_Smith_r_260_100.jpg","Apple Granny Smith"
"Apple_Granny_Smith_r_261_100.jpg","Apple Granny Smith"
"Apple_Granny_Smith_r_263_100.jpg","Apple Granny Smith"
"Apple_Granny_Smith_r_271_100.jpg","Apple Granny Smith"
"Apple_Granny_Smith_r_272_100.jpg","Apple Granny Smith"
"Apple_Granny_Smith_r_284_100.jpg","Apple Granny Smith"
"Apple_Granny_Smith_r_295_100.jpg","Apple Granny Smith"
"Apple_Granny_Smith_r_299_100.jpg","Apple Granny Smith"
"Apple_Granny_Smith_r_304_100.jpg","Apple Granny Smith"
"Apple_Granny_Smith_r_305_100.jpg","Apple Granny Smith"
"Apple_Granny_Smith_r_307_100.jpg","Apple Granny Smith"
"Apple_Granny_Smith_r_312_100.jpg","Apple Granny Smith"
"Apple_Granny_Smith_r_320_100.jpg","Apple Granny Smith"
"Apricot_105_100.jpg","Apricot"
"Apricot_1_100.jpg","Apricot"
"Apricot_115_100.jpg","Apricot"
"Apricot_116_100.jpg","Apricot"
"Apricot_119_100.jpg","Apricot"
"Apricot_12_100.jpg","Apricot"
"Apricot_121_100.jpg","Apricot"
"Apricot_123_100.jpg","Apricot"
"Apricot_131_100.jpg","Apricot"
"Apricot_132_100.jpg","Apricot"
"Apricot_135_100.jpg","Apricot"
"Apricot_137_100.jpg","Apricot"
"Apricot_145_100.jpg","Apricot"
"Apricot_147_100.jpg","Apricot"
"Apricot_150_100.jpg","Apricot"
"Apricot_156_100.jpg","Apricot"
"Apricot_162_100.jpg","Apricot"
"Apricot_164_100.jpg","Apricot"
"Apricot_166_100.jpg","Apricot"
"Apricot_171_100.jpg","Apricot"
"Apricot_179_100.jpg","Apricot"
"Apricot_180_100.jpg","Apricot"
"Apricot_185_100.jpg","Apricot"
"Apricot_186_100.jpg","Apricot"
"Apricot_191_100.jpg","Apricot"
"Apricot_193_100.jpg","Apricot"
"Apricot_195_100.jpg","Apricot"
"Apricot_196_100.jpg","Apricot"
"Apricot_202_100.jpg","Apricot"
"Apricot_214_100.jpg","Apricot"
"Apricot_225_100.jpg","Apricot"
"Apricot_227_100.jpg","Apricot"
"Apricot_234_100.jpg","Apricot"
"Apricot_245_100.jpg","Apricot"
"Apricot_251_100.jpg","Apricot"
"Apricot_252_100.jpg","Apricot"
"Apricot_258_100.jpg","Apricot"
"Apricot_260_100.jpg","Apricot"
"Apricot_26_100.jpg","Apricot"
"Apricot_265_100.jpg","Apricot"
"Apricot_270_100.jpg","Apricot"
"Apricot_278_100.jpg","Apricot"
"Apricot_283_100.jpg","Apricot"
"Apricot_287_100.jpg","Apricot"
"Apricot_288_100.jpg","Apricot"
"Apricot_294_100.jpg","Apricot"
"Apricot_295_100.jpg","Apricot"
"Apricot_303_100.jpg","Apricot"
"Apricot_304_100.jpg","Apricot"
"Apricot_311_100.jpg","Apricot"
"Apricot_r_0_100.jpg","Apricot"
"Apricot_r_102_100.jpg","Apricot"
"Apricot_r_106_100.jpg","Apricot"
"Apricot_r_1_100.jpg","Apricot"
"Apricot_r_110_100.jpg","Apricot"
"Apricot_r_11_100.jpg","Apricot"
"Apricot_r_113_100.jpg","Apricot"
"Apricot_r_119_100.jpg","Apricot"
"Apricot_r_123_100.jpg","Apricot"
"Apricot_r_125_100.jpg","Apricot"
"Apricot_r_126_100.jpg","Apricot"
"Apricot_r_130_100.jpg","Apricot"
"Apricot_r_135_100.jpg","Apricot"
"Apricot_r_145_100.jpg","Apricot"
"Apricot_r_146_100.jpg","Apricot"
"Apricot_r_147_100.jpg","Apricot"
"Apricot_r_158_100.jpg","Apricot"
"Apricot_r_162_100.jpg","Apricot"
"Apricot_r_170_100.jpg","Apricot"
"Apricot_r_172_100.jpg","Apricot"
"Apricot_r_174_100.jpg","Apricot"
"Apricot_r_180_100.jpg","Apricot"
"Apricot_r_18_100.jpg","Apricot"
"Apricot_r_193_100.jpg","Apricot"
"Apricot_r_195_100.jpg","Apricot"
"Apricot_r_196_100.jpg","Apricot"
"Apricot_r_20_100.jpg","Apricot"
"Apricot_r_203_100.jpg","Apricot"
"Apricot_r_208_100.jpg","Apricot"
"Apricot_r_217_100.jpg","Apricot"
"Apricot_r_224_100.jpg","Apricot"
"Apricot_r_230_100.jpg","Apricot"
"Apricot_r_243_100.jpg","Apricot"
"Apricot_r_252_100.jpg","Apricot"
"Apricot_r_260_100.jpg","Apricot"
"Apricot_r_261_100.jpg","Apricot"
"Apricot_r_273_100.jpg","Apricot"
"Apricot_r_278_100.jpg","Apricot"
"Apricot_r_283_100.jpg","Apricot"
"Apricot_r_286_100.jpg","Apricot"
"Apricot_r_288_100.jpg","Apricot"
"Apricot_r_290_100.jpg","Apricot"
"Apricot_r_293_100.jpg","Apricot"
"Apricot_r_301_100.jpg","Apricot"
"Apricot_r_306_100.jpg","Apricot"
"Apricot_r_309_100.jpg","Apricot"
"Apricot_r_310_100.jpg","Apricot"
"Apricot_r_31_100.jpg","Apricot"
"Apricot_r_315_100.jpg","Apricot"
"Apricot_r_317_100.jpg","Apricot"
"Avocado_101_100.jpg","Avocado"
"Avocado_1_100.jpg","Avocado"
"Avocado_110_100.jpg","Avocado"
"Avocado_113_100.jpg","Avocado"
"Avocado_126_100.jpg","Avocado"
"Avocado_127_100.jpg","Avocado"
"Avocado_128_100.jpg","Avocado"
"Avocado_130_100.jpg","Avocado"
"Avocado_136_100.jpg","Avocado"
"Avocado_139_100.jpg","Avocado"
"Avocado_140_100.jpg","Avocado"
"Avocado_14_100.jpg","Avocado"
"Avocado_141_100.jpg","Avocado"
"Avocado_145_100.jpg","Avocado"
"Avocado_148_100.jpg","Avocado"
"Avocado_151_100.jpg","Avocado"
"Avocado_152_100.jpg","Avocado"
"Avocado_153_100.jpg","Avocado"
"Avocado_158_100.jpg","Avocado"
"Avocado_165_100.jpg","Avocado"
"Avocado_170_100.jpg","Avocado"
"Avocado_17_100.jpg","Avocado"
"Avocado_174_100.jpg","Avocado"
"Avocado_179_100.jpg","Avocado"
"Avocado_182_100.jpg","Avocado"
"Avocado_183_100.jpg","Avocado"
"Avocado_186_100.jpg","Avocado"
"Avocado_19_100.jpg","Avocado"
"Avocado_193_100.jpg","Avocado"
"Avocado_194_100.jpg","Avocado"
"Avocado_201_100.jpg","Avocado"
"Avocado_21_100.jpg","Avocado"
"Avocado_213_100.jpg","Avocado"
"Avocado_217_100.jpg","Avocado"
"Avocado_22_100.jpg","Avocado"
"Avocado_224_100.jpg","Avocado"
"Avocado_237_100.jpg","Avocado"
"Avocado_238_100.jpg","Avocado"
"Avocado_24_100.jpg","Avocado"
"Avocado_29_100.jpg","Avocado"
"Avocado_3_100.jpg","Avocado"
"Avocado_32_100.jpg","Avocado"
"Avocado_34_100.jpg","Avocado"
"Avocado_35_100.jpg","Avocado"
"Avocado_36_100.jpg","Avocado"
"Avocado_37_100.jpg","Avocado"
"Avocado_40_100.jpg","Avocado"
"Avocado_44_100.jpg","Avocado"
"Avocado_r_104_100.jpg","Avocado"
"Avocado_r_105_100.jpg","Avocado"
"Avocado_r_107_100.jpg","Avocado"
"Avocado_r_117_100.jpg","Avocado"
"Avocado_r_12_100.jpg","Avocado"
"Avocado_r_122_100.jpg","Avocado"
"Avocado_r_125_100.jpg","Avocado"
"Avocado_r_129_100.jpg","Avocado"
"Avocado_r_130_100.jpg","Avocado"
"Avocado_r_135_100.jpg","Avocado"
"Avocado_r_140_100.jpg","Avocado"
"Avocado_r_142_100.jpg","Avocado"
"Avocado_r_146_100.jpg","Avocado"
"Avocado_r_147_100.jpg","Avocado"
"Avocado_r_17_100.jpg","Avocado"
"Avocado_r_171_100.jpg","Avocado"
"Avocado_r_174_100.jpg","Avocado"
"Avocado_r_175_100.jpg","Avocado"
"Avocado_r_18_100.jpg","Avocado"
"Avocado_r_187_100.jpg","Avocado"
"Avocado_r_190_100.jpg","Avocado"
"Avocado_r_19_100.jpg","Avocado"
"Avocado_r_195_100.jpg","Avocado"
"Avocado_r_197_100.jpg","Avocado"
"Avocado_r_208_100.jpg","Avocado"
"Avocado_r_214_100.jpg","Avocado"
"Avocado_r_22_100.jpg","Avocado"
"Avocado_r_224_100.jpg","Avocado"
"Avocado_r_229_100.jpg","Avocado"
"Avocado_r_23_100.jpg","Avocado"
"Avocado_r_231_100.jpg","Avocado"
"Avocado_r_232_100.jpg","Avocado"
"Avocado_r_233_100.jpg","Avocado"
"Avocado_r_234_100.jpg","Avocado"
"Avocado_r_235_100.jpg","Avocado"
"Avocado_r_236_100.jpg","Avocado"
"Avocado_r_237_100.jpg","Avocado"
"Avocado_r_244_100.jpg","Avocado"
"Avocado_r_245_100.jpg","Avocado"
"Avocado_r_249_100.jpg","Avocado"
"Avocado_r_255_100.jpg","Avocado"
"Avocado_r_264_100.jpg","Avocado"
"Avocado_r_270_100.jpg","Avocado"
"Avocado_r_278_100.jpg","Avocado"
"Avocado_r_282_100.jpg","Avocado"
"Avocado_r_295_100.jpg","Avocado"
"Avocado_r_299_100.jpg","Avocado"
"Avocado_r_301_100.jpg","Avocado"
"Avocado_r_302_100.jpg","Avocado"
"Avocado_r_304_100.jpg","Avocado"
"Avocado_r_307_100.jpg","Avocado"
"Avocado_r_318_100.jpg","Avocado"
"Carambula_107_100.jpg","Carambula"
"Carambula_109_100.jpg","Carambula"
"Carambula_11_100.jpg","Carambula"
"Carambula_114_100.jpg","Carambula"
"Carambula_116_100.jpg","Carambula"
"Carambula_118_100.jpg","Carambula"
"Carambula_12_100.jpg","Carambula"
"Carambula_126_100.jpg","Carambula"
"Carambula_127_100.jpg","Carambula"
"Carambula_128_100.jpg","Carambula"
"Carambula_134_100.jpg","Carambula"
"Carambula_174_100.jpg","Carambula"
"Carambula_175_100.jpg","Carambula"
"Carambula_177_100.jpg","Carambula"
"Carambula_182_100.jpg","Carambula"
"Carambula_183_100.jpg","Carambula"
"Carambula_184_100.jpg","Carambula"
"Carambula_192_100.jpg","Carambula"
"Carambula_196_100.jpg","Carambula"
"Carambula_199_100.jpg","Carambula"
"Carambula_244_100.jpg","Carambula"
"Carambula_250_100.jpg","Carambula"
"Carambula_251_100.jpg","Carambula"
"Carambula_252_100.jpg","Carambula"
"Carambula_259_100.jpg","Carambula"
"Carambula_261_100.jpg","Carambula"
"Carambula_268_100.jpg","Carambula"
"Carambula_279_100.jpg","Carambula"
"Carambula_280_100.jpg","Carambula"
"Carambula_29_100.jpg","Carambula"
"Carambula_300_100.jpg","Carambula"
"Carambula_30_100.jpg","Carambula"
"Carambula_305_100.jpg","Carambula"
"Carambula_314_100.jpg","Carambula"
"Carambula_315_100.jpg","Carambula"
"Carambula_325_100.jpg","Carambula"
"Carambula_36_100.jpg","Carambula"
"Carambula_37_100.jpg","Carambula"
"Carambula_39_100.jpg","Carambula"
"Carambula_4_100.jpg","Carambula"
"Carambula_41_100.jpg","Carambula"
"Carambula_47_100.jpg","Carambula"
"Carambula_55_100.jpg","Carambula"
"Carambula_63_100.jpg","Carambula"
"Carambula_78_100.jpg","Carambula"
"Carambula_79_100.jpg","Carambula"
"Carambula_82_100.jpg","Carambula"
"Carambula_9_100.jpg","Carambula"
"Carambula_r_0_100.jpg","Carambula"
"Carambula_r_106_100.jpg","Carambula"
"Carambula_r_107_100.jpg","Carambula"
"Carambula_r_109_100.jpg","Carambula"
"Carambula_r_118_100.jpg","Carambula"
"Carambula_r_123_100.jpg","Carambula"
"Carambula_r_126_100.jpg","Carambula"
"Carambula_r_128_100.jpg","Carambula"
"Carambula_r_130_100.jpg","Carambula"
"Carambula_r_137_100.jpg","Carambula"
"Carambula_r_148_100.jpg","Carambula"
"Carambula_r_161_100.jpg","Carambula"
"Carambula_r_165_100.jpg","Carambula"
"Carambula_r_167_100.jpg","Carambula"
"Carambula_r_19_100.jpg","Carambula"
"Carambula_r_22_100.jpg","Carambula"
"Carambula_r_239_100.jpg","Carambula"
"Carambula_r_24_100.jpg","Carambula"
"Carambula_r_248_100.jpg","Carambula"
"Carambula_r_251_100.jpg","Carambula"
"Carambula_r_26_100.jpg","Carambula"
"Carambula_r_261_100.jpg","Carambula"
"Carambula_r_264_100.jpg","Carambula"
"Carambula_r_267_100.jpg","Carambula"
"Carambula_r_280_100.jpg","Carambula"
"Carambula_r_282_100.jpg","Carambula"
"Carambula_r_288_100.jpg","Carambula"
"Carambula_r_289_100.jpg","Carambula"
"Carambula_r_297_100.jpg","Carambula"
"Carambula_r_301_100.jpg","Carambula"
"Carambula_r_303_100.jpg","Carambula"
"Carambula_r_304_100.jpg","Carambula"
"Carambula_r_307_100.jpg","Carambula"
"Carambula_r_3_100.jpg","Carambula"
"Carambula_r_317_100.jpg","Carambula"
"Carambula_r_325_100.jpg","Carambula"
"Carambula_r_327_100.jpg","Carambula"
"Carambula_r_33_100.jpg","Carambula"
"Carambula_r_36_100.jpg","Carambula"
"Carambula_r_4_100.jpg","Carambula"
"Carambula_r_41_100.jpg","Carambula"
"Carambula_r_45_100.jpg","Carambula"
"Carambula_r_46_100.jpg","Carambula"
"Carambula_r_55_100.jpg","Carambula"
"Carambula_r_56_100.jpg","Carambula"
"Carambula_r_74_100.jpg","Carambula"
"Carambula_r_79_100.jpg","Carambula"
"Carambula_r_81_100.jpg","Carambula"
"Carambula_r_87_100.jpg","Carambula"
"Carambula_r_94_100.jpg","Carambula"
"Carambula_r_95_100.jpg","Carambula"
"Carambula_r_98_100.jpg","Carambula"
"Cherry_101_100.jpg","Cherry"
"Cherry_103_100.jpg","Cherry"
"Cherry_111_100.jpg","Cherry"
"Cherry_112_100.jpg","Cherry"
"Cherry_114_100.jpg","Cherry"
"Cherry_115_100.jpg","Cherry"
"Cherry_116_100.jpg","Cherry"
"Cherry_13_100.jpg","Cherry"
"Cherry_137_100.jpg","Cherry"
"Cherry_14_100.jpg","Cherry"
"Cherry_142_100.jpg","Cherry"
"Cherry_143_100.jpg","Cherry"
"Cherry_145_100.jpg","Cherry"
"Cherry_150_100.jpg","Cherry"
"Cherry_159_100.jpg","Cherry"
"Cherry_169_100.jpg","Cherry"
"Cherry_170_100.jpg","Cherry"
"Cherry_18_100.jpg","Cherry"
"Cherry_181_100.jpg","Cherry"
"Cherry_184_100.jpg","Cherry"
"Cherry_193_100.jpg","Cherry"
"Cherry_196_100.jpg","Cherry"
"Cherry_198_100.jpg","Cherry"
"Cherry_200_100.jpg","Cherry"
"Cherry_202_100.jpg","Cherry"
"Cherry_207_100.jpg","Cherry"
"Cherry_217_100.jpg","Cherry"
"Cherry_218_100.jpg","Cherry"
"Cherry_220_100.jpg","Cherry"
"Cherry_225_100.jpg","Cherry"
"Cherry_233_100.jpg","Cherry"
"Cherry_237_100.jpg","Cherry"
"Cherry_241_100.jpg","Cherry"
"Cherry_244_100.jpg","Cherry"
"Cherry_246_100.jpg","Cherry"
"Cherry_250_100.jpg","Cherry"
"Cherry_25_100.jpg","Cherry"
"Cherry_260_100.jpg","Cherry"
"Cherry_268_100.jpg","Cherry"
"Cherry_278_100.jpg","Cherry"
"Cherry_280_100.jpg","Cherry"
"Cherry_281_100.jpg","Cherry"
"Cherry_282_100.jpg","Cherry"
"Cherry_30_100.jpg","Cherry"
"Cherry_307_100.jpg","Cherry"
"Cherry_310_100.jpg","Cherry"
"Cherry_r_0_100.jpg","Cherry"
"Cherry_r_101_100.jpg","Cherry"
"Cherry_r_104_100.jpg","Cherry"
"Cherry_r_109_100.jpg","Cherry"
"Cherry_r_112_100.jpg","Cherry"
"Cherry_r_114_100.jpg","Cherry"
"Cherry_r_120_100.jpg","Cherry"
"Cherry_r_123_100.jpg","Cherry"
"Cherry_r_124_100.jpg","Cherry"
"Cherry_r_129_100.jpg","Cherry"
"Cherry_r_133_100.jpg","Cherry"
"Cherry_r_140_100.jpg","Cherry"
"Cherry_r_142_100.jpg","Cherry"
"Cherry_r_144_100.jpg","Cherry"
"Cherry_r_145_100.jpg","Cherry"
"Cherry_r_150_100.jpg","Cherry"
"Cherry_r_158_100.jpg","Cherry"
"Cherry_r_159_100.jpg","Cherry"
"Cherry_r_160_100.jpg","Cherry"
"Cherry_r_164_100.jpg","Cherry"
"Cherry_r_165_100.jpg","Cherry"
"Cherry_r_166_100.jpg","Cherry"
"Cherry_r_168_100.jpg","Cherry"
"Cherry_r_169_100.jpg","Cherry"
"Cherry_r_172_100.jpg","Cherry"
"Cherry_r_173_100.jpg","Cherry"
"Cherry_r_178_100.jpg","Cherry"
"Cherry_r_180_100.jpg","Cherry"
"Cherry_r_18_100.jpg","Cherry"
"Cherry_r_184_100.jpg","Cherry"
"Cherry_r_187_100.jpg","Cherry"
"Cherry_r_189_100.jpg","Cherry"
"Cherry_r_19_100.jpg","Cherry"
"Cherry_r_199_100.jpg","Cherry"
"Cherry_r_205_100.jpg","Cherry"
"Cherry_r_2_100.jpg","Cherry"
"Cherry_r_211_100.jpg","Cherry"
"Cherry_r_215_100.jpg","Cherry"
"Cherry_r_22_100.jpg","Cherry"
"Cherry_r_226_100.jpg","Cherry"
"Cherry_r_231_100.jpg","Cherry"
"Cherry_r_233_100.jpg","Cherry"
"Cherry_r_243_100.jpg","Cherry"
"Cherry_r_246_100.jpg","Cherry"
"Cherry_r_249_100.jpg","Cherry"
"Cherry_r_252_100.jpg","Cherry"
"Cherry_r_258_100.jpg","Cherry"
"Cherry_r_276_100.jpg","Cherry"
"Cherry_r_278_100.jpg","Cherry"
"Cherry_r_287_100.jpg","Cherry"
"Cherry_r_289_100.jpg","Cherry"
"Cherry_r_298_100.jpg","Cherry"
"Cherry_r_300_100.jpg","Cherry"
"Cherry_r_310_100.jpg","Cherry"
"Huckleberry_105_100.jpg","Huckleberry"
"Huckleberry_106_100.jpg","Huckleberry"
"Huckleberry_129_100.jpg","Huckleberry"
"Huckleberry_133_100.jpg","Huckleberry"
"Huckleberry_134_100.jpg","Huckleberry"
"Huckleberry_14_100.jpg","Huckleberry"
"Huckleberry_148_100.jpg","Huckleberry"
"Huckleberry_154_100.jpg","Huckleberry"
"Huckleberry_160_100.jpg","Huckleberry"
"Huckleberry_164_100.jpg","Huckleberry"
"Huckleberry_19_100.jpg","Huckleberry"
"Huckleberry_195_100.jpg","Huckleberry"
"Huckleberry_198_100.jpg","Huckleberry"
"Huckleberry_204_100.jpg","Huckleberry"
"Huckleberry_205_100.jpg","Huckleberry"
"Huckleberry_209_100.jpg","Huckleberry"
"Huckleberry_22_100.jpg","Huckleberry"
"Huckleberry_236_100.jpg","Huckleberry"
"Huckleberry_24_100.jpg","Huckleberry"
"Huckleberry_243_100.jpg","Huckleberry"
"Huckleberry_245_100.jpg","Huckleberry"
"Huckleberry_252_100.jpg","Huckleberry"
"Huckleberry_259_100.jpg","Huckleberry"
"Huckleberry_260_100.jpg","Huckleberry"
"Huckleberry_261_100.jpg","Huckleberry"
"Huckleberry_270_100.jpg","Huckleberry"
"Huckleberry_27_100.jpg","Huckleberry"
"Huckleberry_272_100.jpg","Huckleberry"
"Huckleberry_280_100.jpg","Huckleberry"
"Huckleberry_28_100.jpg","Huckleberry"
"Huckleberry_286_100.jpg","Huckleberry"
"Huckleberry_290_100.jpg","Huckleberry"
"Huckleberry_308_100.jpg","Huckleberry"
"Huckleberry_309_100.jpg","Huckleberry"
"Huckleberry_318_100.jpg","Huckleberry"
"Huckleberry_322_100.jpg","Huckleberry"
"Huckleberry_326_100.jpg","Huckleberry"
"Huckleberry_41_100.jpg","Huckleberry"
"Huckleberry_43_100.jpg","Huckleberry"
"Huckleberry_51_100.jpg","Huckleberry"
"Huckleberry_53_100.jpg","Huckleberry"
"Huckleberry_55_100.jpg","Huckleberry"
"Huckleberry_57_100.jpg","Huckleberry"
"Huckleberry_6_100.jpg","Huckleberry"
"Huckleberry_63_100.jpg","Huckleberry"
"Huckleberry_65_100.jpg","Huckleberry"
"Huckleberry_66_100.jpg","Huckleberry"
"Huckleberry_92_100.jpg","Huckleberry"
"Huckleberry_93_100.jpg","Huckleberry"
"Huckleberry_r_101_100.jpg","Huckleberry"
"Huckleberry_r_102_100.jpg","Huckleberry"
"Huckleberry_r_107_100.jpg","Huckleberry"
"Huckleberry_r_110_100.jpg","Huckleberry"
"Huckleberry_r_115_100.jpg","Huckleberry"
"Huckleberry_r_126_100.jpg","Huckleberry"
"Huckleberry_r_134_100.jpg","Huckleberry"
"Huckleberry_r_15_100.jpg","Huckleberry"
"Huckleberry_r_156_100.jpg","Huckleberry"
"Huckleberry_r_160_100.jpg","Huckleberry"
"Huckleberry_r_165_100.jpg","Huckleberry"
"Huckleberry_r_169_100.jpg","Huckleberry"
"Huckleberry_r_17_100.jpg","Huckleberry"
"Huckleberry_r_179_100.jpg","Huckleberry"
"Huckleberry_r_182_100.jpg","Huckleberry"
"Huckleberry_r_184_100.jpg","Huckleberry"
"Huckleberry_r_190_100.jpg","Huckleberry"
"Huckleberry_r_19_100.jpg","Huckleberry"
"Huckleberry_r_191_100.jpg","Huckleberry"
"Huckleberry_r_192_100.jpg","Huckleberry"
"Huckleberry_r_194_100.jpg","Huckleberry"
"Huckleberry_r_197_100.jpg","Huckleberry"
"Huckleberry_r_198_100.jpg","Huckleberry"
"Huckleberry_r_199_100.jpg","Huckleberry"
"Huckleberry_r_22_100.jpg","Huckleberry"
"Huckleberry_r_243_100.jpg","Huckleberry"
"Huckleberry_r_247_100.jpg","Huckleberry"
"Huckleberry_r_25_100.jpg","Huckleberry"
"Huckleberry_r_253_100.jpg","Huckleberry"
"Huckleberry_r_257_100.jpg","Huckleberry"
"Huckleberry_r_264_100.jpg","Huckleberry"
"Huckleberry_r_267_100.jpg","Huckleberry"
"Huckleberry_r_272_100.jpg","Huckleberry"
"Huckleberry_r_277_100.jpg","Huckleberry"
"Huckleberry_r_278_100.jpg","Huckleberry"
"Huckleberry_r_29_100.jpg","Huckleberry"
"Huckleberry_r_291_100.jpg","Huckleberry"
"Huckleberry_r_292_100.jpg","Huckleberry"
"Huckleberry_r_297_100.jpg","Huckleberry"
"Huckleberry_r_299_100.jpg","Huckleberry"
"Huckleberry_r_30_100.jpg","Huckleberry"
"Huckleberry_r_304_100.jpg","Huckleberry"
"Huckleberry_r_313_100.jpg","Huckleberry"
"Huckleberry_r_315_100.jpg","Huckleberry"
"Huckleberry_r_318_100.jpg","Huckleberry"
"Huckleberry_r_326_100.jpg","Huckleberry"
"Huckleberry_r_34_100.jpg","Huckleberry"
"Huckleberry_r_69_100.jpg","Huckleberry"
"Huckleberry_r_81_100.jpg","Huckleberry"
"Huckleberry_r_94_100.jpg","Huckleberry"
"Huckleberry_r_96_100.jpg","Huckleberry"
"Kiwi_103_100.jpg","Kiwi"
"Kiwi_106_100.jpg","Kiwi"
"Kiwi_107_100.jpg","Kiwi"
"Kiwi_11_100.jpg","Kiwi"
"Kiwi_114_100.jpg","Kiwi"
"Kiwi_120_100.jpg","Kiwi"
"Kiwi_127_100.jpg","Kiwi"
"Kiwi_129_100.jpg","Kiwi"
"Kiwi_130_100.jpg","Kiwi"
"Kiwi_13_100.jpg","Kiwi"
"Kiwi_136_100.jpg","Kiwi"
"Kiwi_137_100.jpg","Kiwi"
"Kiwi_141_100.jpg","Kiwi"
"Kiwi_148_100.jpg","Kiwi"
"Kiwi_161_100.jpg","Kiwi"
"Kiwi_163_100.jpg","Kiwi"
"Kiwi_166_100.jpg","Kiwi"
"Kiwi_167_100.jpg","Kiwi"
"Kiwi_175_100.jpg","Kiwi"
"Kiwi_177_100.jpg","Kiwi"
"Kiwi_19_100.jpg","Kiwi"
"Kiwi_193_100.jpg","Kiwi"
"Kiwi_195_100.jpg","Kiwi"
"Kiwi_20_100.jpg","Kiwi"
"Kiwi_206_100.jpg","Kiwi"
"Kiwi_208_100.jpg","Kiwi"
"Kiwi_210_100.jpg","Kiwi"
"Kiwi_214_100.jpg","Kiwi"
"Kiwi_224_100.jpg","Kiwi"
"Kiwi_230_100.jpg","Kiwi"
"Kiwi_23_100.jpg","Kiwi"
"Kiwi_232_100.jpg","Kiwi"
"Kiwi_233_100.jpg","Kiwi"
"Kiwi_236_100.jpg","Kiwi"
"Kiwi_24_100.jpg","Kiwi"
"Kiwi_242_100.jpg","Kiwi"
"Kiwi_243_100.jpg","Kiwi"
"Kiwi_248_100.jpg","Kiwi"
"Kiwi_254_100.jpg","Kiwi"
"Kiwi_265_100.jpg","Kiwi"
"Kiwi_271_100.jpg","Kiwi"
"Kiwi_273_100.jpg","Kiwi"
"Kiwi_279_100.jpg","Kiwi"
"Kiwi_286_100.jpg","Kiwi"
"Kiwi_29_100.jpg","Kiwi"
"Kiwi_292_100.jpg","Kiwi"
"Kiwi_31_100.jpg","Kiwi"
"Kiwi_r_10_100.jpg","Kiwi"
"Kiwi_r_103_100.jpg","Kiwi"
"Kiwi_r_106_100.jpg","Kiwi"
"Kiwi_r_113_100.jpg","Kiwi"
"Kiwi_r_115_100.jpg","Kiwi"
"Kiwi_r_116_100.jpg","Kiwi"
"Kiwi_r_118_100.jpg","Kiwi"
"Kiwi_r_120_100.jpg","Kiwi"
"Kiwi_r_134_100.jpg","Kiwi"
"Kiwi_r_135_100.jpg","Kiwi"
"Kiwi_r_148_100.jpg","Kiwi"
"Kiwi_r_153_100.jpg","Kiwi"
"Kiwi_r_155_100.jpg","Kiwi"
"Kiwi_r_16_100.jpg","Kiwi"
"Kiwi_r_162_100.jpg","Kiwi"
"Kiwi_r_163_100.jpg","Kiwi"
"Kiwi_r_164_100.jpg","Kiwi"
"Kiwi_r_166_100.jpg","Kiwi"
"Kiwi_r_171_100.jpg","Kiwi"
"Kiwi_r_18_100.jpg","Kiwi"
"Kiwi_r_185_100.jpg","Kiwi"
"Kiwi_r_19_100.jpg","Kiwi"
"Kiwi_r_192_100.jpg","Kiwi"
"Kiwi_r_198_100.jpg","Kiwi"
"Kiwi_r_200_100.jpg","Kiwi"
"Kiwi_r_203_100.jpg","Kiwi"
"Kiwi_r_209_100.jpg","Kiwi"
"Kiwi_r_216_100.jpg","Kiwi"
"Kiwi_r_225_100.jpg","Kiwi"
"Kiwi_r_227_100.jpg","Kiwi"
"Kiwi_r_229_100.jpg","Kiwi"
"Kiwi_r_231_100.jpg","Kiwi"
"Kiwi_r_233_100.jpg","Kiwi"
"Kiwi_r_239_100.jpg","Kiwi"
"Kiwi_r_244_100.jpg","Kiwi"
"Kiwi_r_245_100.jpg","Kiwi"
"Kiwi_r_253_100.jpg","Kiwi"
"Kiwi_r_259_100.jpg","Kiwi"
"Kiwi_r_260_100.jpg","Kiwi"
"Kiwi_r_26_100.jpg","Kiwi"
"Kiwi_r_27_100.jpg","Kiwi"
"Kiwi_r_271_100.jpg","Kiwi"
"Kiwi_r_28_100.jpg","Kiwi"
"Kiwi_r_283_100.jpg","Kiwi"
"Kiwi_r_284_100.jpg","Kiwi"
"Kiwi_r_291_100.jpg","Kiwi"
"Kiwi_r_300_100.jpg","Kiwi"
"Kiwi_r_30_100.jpg","Kiwi"
"Kiwi_r_304_100.jpg","Kiwi"
"Kiwi_r_306_100.jpg","Kiwi"
"Kiwi_r_309_100.jpg","Kiwi"
"Kiwi_r_312_100.jpg","Kiwi"
"Kiwi_r_314_100.jpg","Kiwi"
"Orange_100_100.jpg","Orange"
"Orange_10_100.jpg","Orange"
"Orange_105_100.jpg","Orange"
"Orange_1_100.jpg","Orange"
"Orange_112_100.jpg","Orange"
"Orange_117_100.jpg","Orange"
"Orange_118_100.jpg","Orange"
"Orange_121_100.jpg","Orange"
"Orange_126_100.jpg","Orange"
"Orange_127_100.jpg","Orange"
"Orange_13_100.jpg","Orange"
"Orange_134_100.jpg","Orange"
"Orange_138_100.jpg","Orange"
"Orange_153_100.jpg","Orange"
"Orange_154_100.jpg","Orange"
"Orange_165_100.jpg","Orange"
"Orange_166_100.jpg","Orange"
"Orange_169_100.jpg","Orange"
"Orange_174_100.jpg","Orange"
"Orange_179_100.jpg","Orange"
"Orange_183_100.jpg","Orange"
"Orange_189_100.jpg","Orange"
"Orange_191_100.jpg","Orange"
"Orange_195_100.jpg","Orange"
"Orange_199_100.jpg","Orange"
"Orange_204_100.jpg","Orange"
"Orange_205_100.jpg","Orange"
"Orange_215_100.jpg","Orange"
"Orange_220_100.jpg","Orange"
"Orange_224_100.jpg","Orange"
"Orange_229_100.jpg","Orange"
"Orange_234_100.jpg","Orange"
"Orange_244_100.jpg","Orange"
"Orange_25_100.jpg","Orange"
"Orange_251_100.jpg","Orange"
"Orange_253_100.jpg","Orange"
"Orange_259_100.jpg","Orange"
"Orange_261_100.jpg","Orange"
"Orange_270_100.jpg","Orange"
"Orange_276_100.jpg","Orange"
"Orange_277_100.jpg","Orange"
"Orange_279_100.jpg","Orange"
"Orange_282_100.jpg","Orange"
"Orange_289_100.jpg","Orange"
"Orange_293_100.jpg","Orange"
"Orange_294_100.jpg","Orange"
"Orange_299_100.jpg","Orange"
"Orange_303_100.jpg","Orange"
"Orange_306_100.jpg","Orange"
"Orange_309_100.jpg","Orange"
"Orange_r_104_100.jpg","Orange"
"Orange_r_111_100.jpg","Orange"
"Orange_r_114_100.jpg","Orange"
"Orange_r_122_100.jpg","Orange"
"Orange_r_134_100.jpg","Orange"
"Orange_r_137_100.jpg","Orange"
"Orange_r_139_100.jpg","Orange"
"Orange_r_143_100.jpg","Orange"
"Orange_r_150_100.jpg","Orange"
"Orange_r_155_100.jpg","Orange"
"Orange_r_158_100.jpg","Orange"
"Orange_r_165_100.jpg","Orange"
"Orange_r_166_100.jpg","Orange"
"Orange_r_168_100.jpg","Orange"
"Orange_r_171_100.jpg","Orange"
"Orange_r_172_100.jpg","Orange"
"Orange_r_181_100.jpg","Orange"
"Orange_r_184_100.jpg","Orange"
"Orange_r_196_100.jpg","Orange"
"Orange_r_197_100.jpg","Orange"
"Orange_r_198_100.jpg","Orange"
"Orange_r_200_100.jpg","Orange"
"Orange_r_203_100.jpg","Orange"
"Orange_r_215_100.jpg","Orange"
"Orange_r_219_100.jpg","Orange"
"Orange_r_223_100.jpg","Orange"
"Orange_r_224_100.jpg","Orange"
"Orange_r_226_100.jpg","Orange"
"Orange_r_227_100.jpg","Orange"
"Orange_r_23_100.jpg","Orange"
"Orange_r_237_100.jpg","Orange"
"Orange_r_240_100.jpg","Orange"
"Orange_r_241_100.jpg","Orange"
"Orange_r_245_100.jpg","Orange"
"Orange_r_248_100.jpg","Orange"
"Orange_r_253_100.jpg","Orange"
"Orange_r_254_100.jpg","Orange"
"Orange_r_255_100.jpg","Orange"
"Orange_r_256_100.jpg","Orange"
"Orange_r_258_100.jpg","Orange"
"Orange_r_264_100.jpg","Orange"
"Orange_r_265_100.jpg","Orange"
"Orange_r_271_100.jpg","Orange"
"Orange_r_279_100.jpg","Orange"
"Orange_r_288_100.jpg","Orange"
"Orange_r_306_100.jpg","Orange"
"Orange_r_308_100.jpg","Orange"
"Orange_r_311_100.jpg","Orange"
"Orange_r_314_100.jpg","Orange"
"Orange_r_315_100.jpg","Orange"
"Peach_0_100.jpg","Peach"
"Peach_103_100.jpg","Peach"
"Peach_118_100.jpg","Peach"
"Peach_119_100.jpg","Peach"
"Peach_128_100.jpg","Peach"
"Peach_134_100.jpg","Peach"
"Peach_137_100.jpg","Peach"
"Peach_138_100.jpg","Peach"
"Peach_149_100.jpg","Peach"
"Peach_150_100.jpg","Peach"
"Peach_151_100.jpg","Peach"
"Peach_154_100.jpg","Peach"
"Peach_155_100.jpg","Peach"
"Peach_157_100.jpg","Peach"
"Peach_160_100.jpg","Peach"
"Peach_16_100.jpg","Peach"
"Peach_161_100.jpg","Peach"
"Peach_162_100.jpg","Peach"
"Peach_164_100.jpg","Peach"
"Peach_168_100.jpg","Peach"
"Peach_170_100.jpg","Peach"
"Peach_174_100.jpg","Peach"
"Peach_180_100.jpg","Peach"
"Peach_181_100.jpg","Peach"
"Peach_190_100.jpg","Peach"
"Peach_192_100.jpg","Peach"
"Peach_193_100.jpg","Peach"
"Peach_196_100.jpg","Peach"
"Peach_202_100.jpg","Peach"
"Peach_204_100.jpg","Peach"
"Peach_206_100.jpg","Peach"
"Peach_228_100.jpg","Peach"
"Peach_229_100.jpg","Peach"
"Peach_233_100.jpg","Peach"
"Peach_249_100.jpg","Peach"
"Peach_258_100.jpg","Peach"
"Peach_261_100.jpg","Peach"
"Peach_263_100.jpg","Peach"
"Peach_273_100.jpg","Peach"
"Peach_279_100.jpg","Peach"
"Peach_283_100.jpg","Peach"
"Peach_288_100.jpg","Peach"
"Peach_289_100.jpg","Peach"
"Peach_29_100.jpg","Peach"
"Peach_292_100.jpg","Peach"
"Peach_299_100.jpg","Peach"
"Peach_301_100.jpg","Peach"
"Peach_306_100.jpg","Peach"
"Peach_308_100.jpg","Peach"
"Peach_317_100.jpg","Peach"
"Peach_r_10_100.jpg","Peach"
"Peach_r_104_100.jpg","Peach"
"Peach_r_108_100.jpg","Peach"
"Peach_r_1_100.jpg","Peach"
"Peach_r_11_100.jpg","Peach"
"Peach_r_127_100.jpg","Peach"
"Peach_r_129_100.jpg","Peach"
"Peach_r_13_100.jpg","Peach"
"Peach_r_138_100.jpg","Peach"
"Peach_r_146_100.jpg","Peach"
"Peach_r_147_100.jpg","Peach"
"Peach_r_156_100.jpg","Peach"
"Peach_r_157_100.jpg","Peach"
"Peach_r_163_100.jpg","Peach"
"Peach_r_165_100.jpg","Peach"
"Peach_r_166_100.jpg","Peach"
"Peach_r_167_100.jpg","Peach"
"Peach_r_169_100.jpg","Peach"
"Peach_r_170_100.jpg","Peach"
"Peach_r_176_100.jpg","Peach"
"Peach_r_183_100.jpg","Peach"
"Peach_r_186_100.jpg","Peach"
"Peach_r_188_100.jpg","Peach"
"Peach_r_19_100.jpg","Peach"
"Peach_r_192_100.jpg","Peach"
"Peach_r_193_100.jpg","Peach"
"Peach_r_196_100.jpg","Peach"
"Peach_r_198_100.jpg","Peach"
"Peach_r_204_100.jpg","Peach"
"Peach_r_209_100.jpg","Peach"
"Peach_r_213_100.jpg","Peach"
"Peach_r_214_100.jpg","Peach"
"Peach_r_215_100.jpg","Peach"
"Peach_r_217_100.jpg","Peach"
"Peach_r_222_100.jpg","Peach"
"Peach_r_225_100.jpg","Peach"
"Peach_r_232_100.jpg","Peach"
"Peach_r_233_100.jpg","Peach"
"Peach_r_248_100.jpg","Peach"
"Peach_r_260_100.jpg","Peach"
"Peach_r_268_100.jpg","Peach"
"Peach_r_276_100.jpg","Peach"
"Peach_r_279_100.jpg","Peach"
"Peach_r_280_100.jpg","Peach"
"Peach_r_289_100.jpg","Peach"
"Peach_r_294_100.jpg","Peach"
"Peach_r_298_100.jpg","Peach"
"Peach_r_308_100.jpg","Peach"
"Peach_r_317_100.jpg","Peach"
"Peach_r_318_100.jpg","Peach"
"Pineapple_0_100.jpg","Pineapple"
"Pineapple_10_100.jpg","Pineapple"
"Pineapple_101_100.jpg","Pineapple"
"Pineapple_1_100.jpg","Pineapple"
"Pineapple_11_100.jpg","Pineapple"
"Pineapple_112_100.jpg","Pineapple"
"Pineapple_113_100.jpg","Pineapple"
"Pineapple_114_100.jpg","Pineapple"
"Pineapple_116_100.jpg","Pineapple"
"Pineapple_119_100.jpg","Pineapple"
"Pineapple_123_100.jpg","Pineapple"
"Pineapple_138_100.jpg","Pineapple"
"Pineapple_141_100.jpg","Pineapple"
"Pineapple_149_100.jpg","Pineapple"
"Pineapple_151_100.jpg","Pineapple"
"Pineapple_153_100.jpg","Pineapple"
"Pineapple_158_100.jpg","Pineapple"
"Pineapple_164_100.jpg","Pineapple"
"Pineapple_166_100.jpg","Pineapple"
"Pineapple_183_100.jpg","Pineapple"
"Pineapple_188_100.jpg","Pineapple"
"Pineapple_201_100.jpg","Pineapple"
"Pineapple_207_100.jpg","Pineapple"
"Pineapple_2_100.jpg","Pineapple"
"Pineapple_210_100.jpg","Pineapple"
"Pineapple_212_100.jpg","Pineapple"
"Pineapple_229_100.jpg","Pineapple"
"Pineapple_244_100.jpg","Pineapple"
"Pineapple_261_100.jpg","Pineapple"
"Pineapple_262_100.jpg","Pineapple"
"Pineapple_263_100.jpg","Pineapple"
"Pineapple_286_100.jpg","Pineapple"
"Pineapple_288_100.jpg","Pineapple"
"Pineapple_292_100.jpg","Pineapple"
"Pineapple_314_100.jpg","Pineapple"
"Pineapple_315_100.jpg","Pineapple"
"Pineapple_318_100.jpg","Pineapple"
"Pineapple_37_100.jpg","Pineapple"
"Pineapple_43_100.jpg","Pineapple"
"Pineapple_45_100.jpg","Pineapple"
"Pineapple_47_100.jpg","Pineapple"
"Pineapple_56_100.jpg","Pineapple"
"Pineapple_61_100.jpg","Pineapple"
"Pineapple_63_100.jpg","Pineapple"
"Pineapple_64_100.jpg","Pineapple"
"Pineapple_67_100.jpg","Pineapple"
"Pineapple_68_100.jpg","Pineapple"
"Pineapple_73_100.jpg","Pineapple"
"Pineapple_81_100.jpg","Pineapple"
"Pineapple_84_100.jpg","Pineapple"
"Pineapple_85_100.jpg","Pineapple"
"Pineapple_88_100.jpg","Pineapple"
"Pineapple_92_100.jpg","Pineapple"
"Pineapple_r_104_100.jpg","Pineapple"
"Pineapple_r_1_100.jpg","Pineapple"
"Pineapple_r_133_100.jpg","Pineapple"
"Pineapple_r_134_100.jpg","Pineapple"
"Pineapple_r_143_100.jpg","Pineapple"
"Pineapple_r_150_100.jpg","Pineapple"
"Pineapple_r_15_100.jpg","Pineapple"
"Pineapple_r_16_100.jpg","Pineapple"
"Pineapple_r_163_100.jpg","Pineapple"
"Pineapple_r_165_100.jpg","Pineapple"
"Pineapple_r_169_100.jpg","Pineapple"
"Pineapple_r_179_100.jpg","Pineapple"
"Pineapple_r_180_100.jpg","Pineapple"
"Pineapple_r_19_100.jpg","Pineapple"
"Pineapple_r_197_100.jpg","Pineapple"
"Pineapple_r_20_100.jpg","Pineapple"
"Pineapple_r_230_100.jpg","Pineapple"
"Pineapple_r_23_100.jpg","Pineapple"
"Pineapple_r_233_100.jpg","Pineapple"
"Pineapple_r_234_100.jpg","Pineapple"
"Pineapple_r_241_100.jpg","Pineapple"
"Pineapple_r_244_100.jpg","Pineapple"
"Pineapple_r_248_100.jpg","Pineapple"
"Pineapple_r_257_100.jpg","Pineapple"
"Pineapple_r_259_100.jpg","Pineapple"
"Pineapple_r_269_100.jpg","Pineapple"
"Pineapple_r_284_100.jpg","Pineapple"
"Pineapple_r_29_100.jpg","Pineapple"
"Pineapple_r_291_100.jpg","Pineapple"
"Pineapple_r_306_100.jpg","Pineapple"
"Pineapple_r_310_100.jpg","Pineapple"
"Pineapple_r_311_100.jpg","Pineapple"
"Pineapple_r_320_100.jpg","Pineapple"
"Pineapple_r_323_100.jpg","Pineapple"
"Pineapple_r_325_100.jpg","Pineapple"
"Pineapple_r_34_100.jpg","Pineapple"
"Pineapple_r_37_100.jpg","Pineapple"
"Pineapple_r_39_100.jpg","Pineapple"
"Pineapple_r_40_100.jpg","Pineapple"
"Pineapple_r_48_100.jpg","Pineapple"
"Pineapple_r_5_100.jpg","Pineapple"
"Pineapple_r_66_100.jpg","Pineapple"
"Pineapple_r_69_100.jpg","Pineapple"
"Pineapple_r_82_100.jpg","Pineapple"
"Pineapple_r_85_100.jpg","Pineapple"
"Pineapple_r_93_100.jpg","Pineapple"
"Pineapple_r_98_100.jpg","Pineapple"
"Strawberry_102_100.jpg","Strawberry"
"Strawberry_110_100.jpg","Strawberry"
"Strawberry_114_100.jpg","Strawberry"
"Strawberry_116_100.jpg","Strawberry"
"Strawberry_127_100.jpg","Strawberry"
"Strawberry_135_100.jpg","Strawberry"
"Strawberry_137_100.jpg","Strawberry"
"Strawberry_142_100.jpg","Strawberry"
"Strawberry_145_100.jpg","Strawberry"
"Strawberry_149_100.jpg","Strawberry"
"Strawberry_15_100.jpg","Strawberry"
"Strawberry_151_100.jpg","Strawberry"
"Strawberry_160_100.jpg","Strawberry"
"Strawberry_162_100.jpg","Strawberry"
"Strawberry_165_100.jpg","Strawberry"
"Strawberry_168_100.jpg","Strawberry"
"Strawberry_171_100.jpg","Strawberry"
"Strawberry_177_100.jpg","Strawberry"
"Strawberry_178_100.jpg","Strawberry"
"Strawberry_179_100.jpg","Strawberry"
"Strawberry_182_100.jpg","Strawberry"
"Strawberry_183_100.jpg","Strawberry"
"Strawberry_188_100.jpg","Strawberry"
"Strawberry_189_100.jpg","Strawberry"
"Strawberry_19_100.jpg","Strawberry"
"Strawberry_195_100.jpg","Strawberry"
"Strawberry_200_100.jpg","Strawberry"
"Strawberry_203_100.jpg","Strawberry"
"Strawberry_204_100.jpg","Strawberry"
"Strawberry_206_100.jpg","Strawberry"
"Strawberry_211_100.jpg","Strawberry"
"Strawberry_212_100.jpg","Strawberry"
"Strawberry_229_100.jpg","Strawberry"
"Strawberry_231_100.jpg","Strawberry"
"Strawberry_236_100.jpg","Strawberry"
"Strawberry_240_100.jpg","Strawberry"
"Strawberry_249_100.jpg","Strawberry"
"Strawberry_253_100.jpg","Strawberry"
"Strawberry_257_100.jpg","Strawberry"
"Strawberry_264_100.jpg","Strawberry"
"Strawberry_268_100.jpg","Strawberry"
"Strawberry_270_100.jpg","Strawberry"
"Strawberry_27_100.jpg","Strawberry"
"Strawberry_271_100.jpg","Strawberry"
"Strawberry_284_100.jpg","Strawberry"
"Strawberry_288_100.jpg","Strawberry"
"Strawberry_291_100.jpg","Strawberry"
"Strawberry_294_100.jpg","Strawberry"
"Strawberry_300_100.jpg","Strawberry"
"Strawberry_30_100.jpg","Strawberry"
"Strawberry_304_100.jpg","Strawberry"
"Strawberry_305_100.jpg","Strawberry"
"Strawberry_306_100.jpg","Strawberry"
"Strawberry_313_100.jpg","Strawberry"
"Strawberry_317_100.jpg","Strawberry"
"Strawberry_318_100.jpg","Strawberry"
"Strawberry_r_100_100.jpg","Strawberry"
"Strawberry_r_10_100.jpg","Strawberry"
"Strawberry_r_109_100.jpg","Strawberry"
"Strawberry_r_113_100.jpg","Strawberry"
"Strawberry_r_126_100.jpg","Strawberry"
"Strawberry_r_127_100.jpg","Strawberry"
"Strawberry_r_128_100.jpg","Strawberry"
"Strawberry_r_146_100.jpg","Strawberry"
"Strawberry_r_154_100.jpg","Strawberry"
"Strawberry_r_158_100.jpg","Strawberry"
"Strawberry_r_172_100.jpg","Strawberry"
"Strawberry_r_176_100.jpg","Strawberry"
"Strawberry_r_179_100.jpg","Strawberry"
"Strawberry_r_18_100.jpg","Strawberry"
"Strawberry_r_188_100.jpg","Strawberry"
"Strawberry_r_190_100.jpg","Strawberry"
"Strawberry_r_192_100.jpg","Strawberry"
"Strawberry_r_198_100.jpg","Strawberry"
"Strawberry_r_200_100.jpg","Strawberry"
"Strawberry_r_20_100.jpg","Strawberry"
"Strawberry_r_202_100.jpg","Strawberry"
"Strawberry_r_203_100.jpg","Strawberry"
"Strawberry_r_205_100.jpg","Strawberry"
"Strawberry_r_211_100.jpg","Strawberry"
"Strawberry_r_215_100.jpg","Strawberry"
"Strawberry_r_222_100.jpg","Strawberry"
"Strawberry_r_225_100.jpg","Strawberry"
"Strawberry_r_228_100.jpg","Strawberry"
"Strawberry_r_229_100.jpg","Strawberry"
"Strawberry_r_23_100.jpg","Strawberry"
"Strawberry_r_231_100.jpg","Strawberry"
"Strawberry_r_234_100.jpg","Strawberry"
"Strawberry_r_235_100.jpg","Strawberry"
"Strawberry_r_239_100.jpg","Strawberry"
"Strawberry_r_24_100.jpg","Strawberry"
"Strawberry_r_245_100.jpg","Strawberry"
"Strawberry_r_255_100.jpg","Strawberry"
"Strawberry_r_264_100.jpg","Strawberry"
"Strawberry_r_265_100.jpg","Strawberry"
"Strawberry_r_271_100.jpg","Strawberry"
"Strawberry_r_277_100.jpg","Strawberry"
"Strawberry_r_279_100.jpg","Strawberry"
"Strawberry_r_292_100.jpg","Strawberry"
"Strawberry_r_305_100.jpg","Strawberry"
